ID,Title,Image file,Author,URL
1,Black-headed gull,black-headed-gull.jpg,Hans Hillewaert,https://commons.wikimedia.org/wiki/File:Chroicocephalus_ridibundus_(summer).jpg
2,Snowdrop,snowdrop.jpg,Geoff Doggett,https://www.publicdomainpictures.net/en/view-image.php?image=12170&picture=spring-snowdrop
3,Carrara marble,carrara-marble.jpg,James St. John,https://www.flickr.com/photos/jsjgeology/14618707748
4,Grey linnet egg,grey-linnet-egg.jpg,Didier Descouens,https://commons.wikimedia.org/wiki/File:Carduelis_cannabina_cannabina_MHNT_223_St_Mor%C3%A9.jpg
5,Christmas rose,christmas-rose.jpg,,https://pixabay.com/en/christmas-rose-flower-nature-plant-3108799/
6,Porcelain earth,porcelain-earth.jpg,James St. John,https://www.flickr.com/photos/jsjgeology/32350111650/
7,Black-legged kittiwake,kittiwake-gull.jpg,Sharp Photography,https://commons.wikimedia.org/wiki/File:Kittiwake_(Rissa_tridactyla)_in_flight.jpg
8,White geranium,white-geranium.jpg,Tony Hisgett,https://commons.wikimedia.org/wiki/File:White_geranium_(3679089706).jpg
9,Storksbill,storksbill.jpg,David Eickhoff,https://www.flickr.com/photos/dweickhoff/5596586121
10,Aragonite,aragonite.jpg,Didier Descouens,https://commons.wikimedia.org/wiki/File:Aragonite_Salsigne_France.jpg
11,Egret,egret.jpg,El Golli Mohamed,https://commons.wikimedia.org/wiki/File:Aigrette_garzette_au_lac_sud_de_Tunis_(site_RAMSAR).jpg
12,Hawthorn blossom,hawthorn-blossom.jpg,Mary Hutchison,https://www.flickr.com/photos/mary_hutchison/5716419821
13,Chalk,chalk.jpg,James St. John,https://www.flickr.com/photos/jsjgeology/16610898008
14,Barn owl,white-owl.jpg,Alun Williams333,https://commons.wikimedia.org/wiki/File:Tyto_alba_tylluan_wen_detail.jpg
15,White convulvulus,white-convulvulus.jpg,,https://www.maxpixel.net/Creeper-Flower-Bindweed-Blooming-Yunki-White-2453936
16,French porcelain cup,french-porcelain-cup.jpg,World Imaging,https://commons.wikimedia.org/wiki/File:Vincennes_soft_porcelain_cup_1750_1752.jpg
17,Golden crested wren,golden-crested-wren.jpg,Cliff Watkinson,https://commons.wikimedia.org/wiki/File:Goldcrest_%27Regulus_regulus%27_by_Cliff_Watkinson.jpg
18,Polyanthus narcissus,polyanthus-narcissus.jpg,Zachi Evenor,https://commons.wikimedia.org/wiki/File:Narcissus-tazetta-2014-Zachi-Evenor.jpg
19,Eyeball,eyeball.jpg,Psychonaught,https://commons.wikimedia.org/wiki/File:Eyeball_Blue.jpg
20,Blue hepatica,blue-hepatica.jpg,,https://www.maxpixel.net/Plant-Hepatica-Spring-Blue-Flower-Blue-Close-1984255
21,Opal,opal.jpg,James St. John,https://www.flickr.com/photos/jsjgeology/32558884822
22,White grapes,white-grapes.jpg,Silverije,"https://commons.wikimedia.org/wiki/File:Gro%C5%BE%C4%91e_mu%C5%A1kat,_srpanjski_bijeli_(2015).jpg"
23,Titmouse,titmouse.jpg,Membeth,https://commons.wikimedia.org/wiki/File:Parks.Range.Aegithalos.caudatus.caudatus.jpg
24,Calcareous sinter,calc-sinter.jpg,Michael Linnenbach,https://commons.wikimedia.org/wiki/File:Kalksinter.JPG
25,Tripoli,tripoli.jpg,DYET,http://www.rgbstock.com/photo/mlJDLzu/Tripoli
26,Limestone,limestone.jpg,Hans,https://pixabay.com/en/karst-landscape-limestone-weathering-779917/
27,Wood ashes,wood-ashes.jpg,Laurentius,https://commons.wikimedia.org/wiki/File:Wood_ash.jpg
28,Flint,flint.jpg,Otis Crandell,https://commons.wikimedia.org/wiki/File:Miorcani_flint.jpg
29,European robin,robin.jpg,Michel Langeveld,https://commons.wikimedia.org/wiki/File:Erithacus_rubecula_173708832.jpg
30,Pied Wagtail,pied-wagtail.jpg,Albert Bridge,https://www.geograph.ie/photo/4402371
31,Purple Hepatica,purple-hepatica.jpg,Archenzo Moggio,https://commons.wikimedia.org/wiki/File:Hepatica_nobilis_plant.JPG
32,Porcelain Jasper,porcelain-jasper.jpg,Daderot,"https://commons.wikimedia.org/wiki/File:Teapot_with_cupids_at_play,_c._1785,_white_jasper_-_Wedgwood_Museum_-_Barlaston,_Stoke-on-Trent,_England_-_DSC09613.jpg"
33,Barberry bush,barberry-bush.jpg,Famartin,"https://commons.wikimedia.org/wiki/File:2014-12-30_11_31_34_Barberry_fruit_along_River_Road_(New_Jersey_Route_175)_in_Ewing,_New_Jersey.JPG"
34,Chalcedony,chalcedony.jpg,Rob Lavinsky,https://commons.wikimedia.org/wiki/File:Chalcedony-Quartz-236626.jpg
35,Northern wheatear,white-rump.jpg,Imran Shah,https://commons.wikimedia.org/wiki/File:Northern_Wheatear_(Oenanthe_oenanthe)_(50801180502).jpg
36,Wood pigeon,wood-pigeon.jpg,Tristan Ferne,https://commons.wikimedia.org/wiki/File:Columba_palumbus_-garden_post-8.jpg
37,Ash tree,ash-tree.jpg,Spablab,https://www.flickr.com/photos/spablab/5935159945
38,Greywacke,greywacke.jpg,Michael C. Rygel,https://commons.wikimedia.org/wiki/File:Feldspathic-wacke.jpg
39,Nuthatch,nuthatch.jpg,Artur Mikołajewski,https://commons.wikimedia.org/wiki/File:Sitta_europaea_AM1.jpg
40,Hawthorn,hawthorn.jpg,Karsten Madsen,https://www.pexels.com/photo/berries-forest-nature-red-berries-18087/
41,Basalt,basalt.jpg,Jamain,"https://commons.wikimedia.org/wiki/File:Basalt,_Lanzarote_J1.jpg"
42,White-throated dipper,white-throated-dipper.jpg,Ron Knight,https://commons.wikimedia.org/wiki/File:White-throated_Dipper_(Cinclus_cinclus)_(13667851995).jpg
43,Eurasian moorhen,eurasian-moorhen.jpg,Luiz Lapa,"https://commons.wikimedia.org/wiki/File:Galinha_d%27%C3%A1gua,_Eurasian_Moorhen_(52379065804).jpg"
44,Black slug,black-slug.jpg,Prashanthns,https://commons.wikimedia.org/wiki/File:Black_Slug.jpg
45,Crowberries,crowberries.jpg,Thomas Quine,https://www.flickr.com/photos/quinet/3294731660
46,Cobalite,cobalite.jpg,James St. John,https://www.flickr.com/photos/jsjgeology/26141353642
47,Lapwing,lapwing.jpg,Andreas Trepte,https://commons.wikimedia.org/wiki/File:Northern-Lapwing-Vanellus-vanellus_crop.jpg
48,Hornblende,hornblende.jpg,James St. John,https://www.flickr.com/photos/jsjgeology/31733452843
49,Black guillemot,black-guillemot.jpg,Boaworm,https://commons.wikimedia.org/wiki/File:Black_Guillemot_Cepphus_grylle.jpg
50,Ilvaite (yenite mica),ilvaite.jpg,Raimond Spekking,"https://commons.wikimedia.org/wiki/File:Ilvaite,_Quartz,_Calcite-1643.jpg"
51,Tiger moth,tiger-moth.jpg,Kurt Kulac,https://commons.wikimedia.org/wiki/File:Arctia_caja_Buchstein02.jpg
52,Pochard duck,pochard-duck.jpg,Diliff,"https://commons.wikimedia.org/wiki/File:Netta_rufina_(Red-crested_Pochard)_Male,_London_Wetland_Centre_-_Diliff.jpg"
53,Fuchsia berries,fuchsia.jpg,MPF,https://commons.wikimedia.org/wiki/File:Fuchsia_magellanica.jpg
54,Olivenite (olive copper ore),olivenite.jpg,Rob Lavinsky,https://commons.wikimedia.org/wiki/File:Olivenite-237510.jpg
55,Nightshade berries,nightshade-berries.jpg,,https://www.maxpixel.net/Solanaceae-Food-Vegetable-Black-Nightshade-Plant-2352800
56,Mole,mole.jpg,Stanislaw Szydlo,https://commons.wikimedia.org/wiki/File:Kret_mole.jpg
57,Cowpeas,cowpeas.jpg,David E Mead,https://commons.wikimedia.org/wiki/File:Cowpeas_(Vigna_unguiculata)_dry_marketed_(2).jpg
58,Obsidian,obsidian.jpg,ArnoWinter,https://commons.wikimedia.org/wiki/File:Hand_Pieces_of_Obsidian.jpg
59,Black velvet,black-velvet.jpg,FixiPixi_deluxe,https://pixabay.com/en/texture-velvet-color-texture-1355530/
60,Blue titmouse,blue-titmouse.jpg,Francis Franklin,https://commons.wikimedia.org/wiki/File:Eurasian_blue_tit_Lancashire.jpg
61,Bluish purple anemone,bluish-purple-anemone.jpg,Hanay,https://commons.wikimedia.org/wiki/File:Anemone_coronaria_-_purple.jpg
62,Blue copper ore,blue-copper-ore.jpg,Eric Hunt,https://en.wikipedia.org/wiki/File:Azurite_from_China.jpg
63,Purple anemone,purple-anemone.jpg,Buntysmum,https://pixabay.com/en/purple-anemone-flower-bulb-2709202/
64,Mallard drake,mallard-drake.jpg,Alorin,https://commons.wikimedia.org/wiki/File:Male_mallard_duck_standing.png
65,Blue beetle (similar to rhynchites nitens),blue-beetle.jpg,Yogendra Joshi,https://www.flickr.com/photos/yogendra174/5972929562
66,Gentian flower,gentian.jpg,Twdragon,https://commons.wikimedia.org/wiki/File:Gentian.jpg
67,Antillean-crested hummingbird,antillean-crested-hummingbird.jpg,Charles J. Sharp,https://commons.wikimedia.org/wiki/File:Antillean_crested_hummingbird_feeding.jpg
68,Grape hyacinth,grape-hyacinth.jpg,Vera Kratochvil,https://www.publicdomainpictures.net/en/view-image.php?image=11963&picture=blue-grape-hyacinths
69,Blue heath butterfly,blue-heath-butterfly.jpg,Lairich Rig,https://www.geograph.org.uk/photo/4595695
70,Borage,borage.jpg,Paasikivi,https://commons.wikimedia.org/wiki/File:Borage_starflower_Rohtopurasruoho_01.jpg
71,Lapis lazuli (azure),lapis-lazuli.jpg,Hannes Grobe,https://commons.wikimedia.org/wiki/File:Lapis-lazuli_hg.jpg
72,Tortoiseshell butterfly (aka Devil's Butterfly),tortoiseshell-butterfly.jpg,Charles J Sharp,https://commons.wikimedia.org/wiki/File:Small_tortoiseshell_butterfly_(aglais_urticae).jpg
73,Flax flower,flax-flower.jpg,Derek Ramsey,https://commons.wikimedia.org/wiki/File:Blue_Flax_Linum_perenne_lewisii_%27Appar%27_Flower_2614px.jpg
74,Eurasian jay,jay.jpg,Luc Viatour,https://commons.wikimedia.org/wiki/File:Garrulus_glandarius_1_Luc_Viatour.jpg
75,Sapphire,sapphire.jpg,Stanislav Doronenko,https://commons.wikimedia.org/wiki/File:Sapphire_ring.jpg
76,Green fluorite,green-fluorite.jpg,Ervins Strauhmanis,https://www.flickr.com/photos/ervins_strauhmanis/30604626406
77,Fennel flower,fennel-flower.jpg,4028mdk09,https://commons.wikimedia.org/wiki/File:Jungfer_im_Gr%C3%BCnen.JPG
78,Turquoise,turquoise.jpg,Rob Lavinsky,https://commons.wikimedia.org/wiki/File:Turquoise-40031.jpg
79,Fluorite (aka fluorspar),fluorite.jpg,Didier Descouens,https://commons.wikimedia.org/wiki/File:FluoriteMaroc.jpg
80,Iron ore,iron-ore.jpg,Eurico Zimbres,https://commons.wikimedia.org/wiki/File:HematitaEZ.jpg
81,Lebellula depressa,lebellula-depressa.jpg,Charles J Sharp,https://commons.wikimedia.org/wiki/File:Broad-bodied_chaser_dragonfly_(Libellula_depressa)_male.jpg
82,Blue lilac,blue-lilac.jpg,Alex Borland,https://www.publicdomainpictures.net/en/view-image.php?image=220704&picture=blue-lilac-flower
83,Lepidolite,lepidolite.jpg,Rob Lavinsky,https://commons.wikimedia.org/wiki/File:Lepidolite-208658.jpg
84,Azure blue butterfly,azure-blue-butterfly.jpg,D. Gordon E. Robertson,https://commons.wikimedia.org/wiki/File:Spring_Azure-male.jpg
85,White and purple crocus,white-and-purple-crocus.jpg,PPD,https://pixnio.com/flora-plants/flowers/crocus-flowers-pictures/white-petals-purple-color-crocus-flowers
86,Purple aster,purple-aster.jpg,Hectonichus,https://commons.wikimedia.org/wiki/File:Asteraceae_-_Aster_amellus.JPG
87,Amethyst,amethyst.jpg,JJ Harrison,"https://commons.wikimedia.org/wiki/File:Amethyst._Magaliesburg,_South_Africa.jpg"
88,Leaf beetle (chrysomela goettingensis),leaf-beetle.jpg,gbohne,https://commons.wikimedia.org/wiki/File:Alder_leaf_beetle_from_the_High_Tatras_(7663242448).jpg
89,Scented violets,scented-violets.jpg,Hans,https://pixabay.com/en/scented-violets-violet-flower-1077136/
90,Bowl made from Derbyshire spar,derbyshire-spar.jpg,Andy Mabbett,https://commons.wikimedia.org/wiki/File:Treak_Cliff_Cavern_-_Blue_John_ornament_-_Andy_Mabbett_-_12.JPG
91,Canterbury bell,canterbury-bell.jpg,Hectonichus,https://commons.wikimedia.org/wiki/File:Campanulaceae_-_Campanula_medium-4.JPG
92,Campanula persicifolia,campanula-persicifolia.jpg,Skalle-Per Hedenhös,https://commons.wikimedia.org/wiki/File:Stor_bl%C3%A5klocka.Campanula_persicifolia.jpg
93,Saffron crocus,saffron-crocus.jpg,Serpico,https://commons.wikimedia.org/wiki/File:Saffron8.jpg
94,Purple fluorite,purple-fluorite.jpg,Didier Descouens,https://commons.wikimedia.org/wiki/File:FluoriteUV.jpg
95,Blue Bottle Fly,blue-bottle-fly.jpg,Hectonichus,https://commons.wikimedia.org/wiki/File:Calliphoridae_-_Calliphora_vomitoria.JPG
96,Purple auricula,purple-auricula.jpg,Krzysztof Golik,https://commons.wikimedia.org/wiki/File:Primula_auricula_hybrid%27s_in_Botanical_Garden_of_Besan%C3%A7on_04.JPG
97,Plum,plum.jpg,,https://pxhere.com/en/photo/893028
98,Peacock butterfly,peacock-butterfly.jpg,Charles J Sharp,https://commons.wikimedia.org/wiki/File:Peacock_butterfly_(Aglais_io)_2.jpg
99,Dried lavender,dried-lavender.jpg,Ardfern,"https://commons.wikimedia.org/wiki/File:Belfast_Christmas_Continental_Market,_November_2010_(40).JPG"
100,Red lilac,red-lilac.jpg,Plant Image Library,https://www.flickr.com/photos/138014579@N08/27254486430
101,Purple primrose,purple-primrose.jpg,,https://pxhere.com/en/photo/802398
102,Purple jasper,purple-jasper.jpg,,https://www.maxpixel.net/Crystals-Reiki-Precious-Healing-Stones-1432335
103,Margaritaria,margaritaria.jpg,Ben Sale,https://commons.wikimedia.org/wiki/File:(1961)_Light_Emerald_(Campaea_margaritaria)_(33872120333).jpg
104,Tussilage leaves,tussilage-leaves.jpg,bdk,https://de.wikipedia.org/wiki/Datei:Huflattich_Blaetter.jpg
105,Beryl,beryl.jpg,James St. John,https://www.flickr.com/photos/jsjgeology/32688925936
106,Viridaria,viridaria.jpg,Alexey Yakovlev,https://commons.wikimedia.org/wiki/File:Traminda_viridaria_(6227977868).jpg
107,Cudweed,cudweed.jpg,Hugh Knott,https://www.flickr.com/photos/cambriaflora/37259411394
108,Silver-leaved almond,silver-leaved-almond.jpg,Electronic Journal of Biology,http://ejbio.imedpub.com/antioxidant-activity-and-total-phenolic-of-extracts-from-five-species-of-amygdalus-leaves.php?aid=5983
109,Sea kale,sea-kale.jpg,Nick Saltmarsh,https://www.flickr.com/photos/nsalt/3027288850
110,Leeks,leeks.jpg,THOR,https://commons.wikimedia.org/wiki/File:Leeks_and_Thyme.jpg
111,Prase,prase.jpg,Rob Lavinsky,https://commons.wikimedia.org/wiki/File:Quartz-Hedenbergite-51173.jpg
112,Meloe violaceus,meloe-violaceus.jpg,Hectonichus,https://commons.wikimedia.org/wiki/File:Meloidae_-_Meloe_violaceus.JPG
113,Cayenne pepper plant,cayenne-pepper.jpg,Mokkie,https://commons.wikimedia.org/wiki/File:Chilli_Plant_1.jpg
114,Serpentinite,serpentinite.jpg,James St. John,https://www.flickr.com/photos/jsjgeology/16940796272
115,Rose-ringed parakeet,rose-ringed-parakeet.jpg,Stephen James McWilliam,https://commons.wikimedia.org/wiki/File:Psittacula_krameri_114909079.jpg
116,Oxidized copper,oxidized-copper.jpg,Chris Wightman,https://commons.wikimedia.org/wiki/File:Greener_pastures.jpg
117,Thrush eggs,thrush-eggs.jpg,Michiel Thomas,https://commons.wikimedia.org/wiki/File:Three_Song_Thrush_(Turdus_philomelos)_eggs.jpg
118,Wild rose,wild-rose.jpg,Antranias,https://pixabay.com/en/blossom-bloom-wild-rose-pink-roses-1448637/
119,Broom moth (underside not shown),broom-moth.jpg,Robert Webster,https://commons.wikimedia.org/wiki/File:Uresiphita_reversalis_P1030641a.jpg
120,Chrysoprase,chrysoprase.jpg,Jarno,https://commons.wikimedia.org/wiki/File:Chrysoprase-sample2.jpg
121,Eurasian Teal,eurasian-teal-1.jpg,Phonon.b,https://commons.wikimedia.org/wiki/File:Anas_crecca_male.jpg
122,Emerald,emerald.jpg,Parent Géry,https://commons.wikimedia.org/wiki/File:B%C3%A9ryl_var._%C3%A9meraude_sur_gangue_(Muzo_Mine_Boyaca_-_Colombie)_2.jpg
123,Noble chafer beetle,noble-chafer.jpg,Siga,https://commons.wikimedia.org/wiki/File:Gnorimus_nobilis_side.jpg
124,Grass field,grass-field.jpg,Jsayre64,https://commons.wikimedia.org/wiki/File:Grass_field_west_of_Mount_Pisgah.JPG
125,Pear,pear.jpg,George Hodan,https://www.publicdomainpictures.net/en/view-image.php?image=168174
126,Torbernite (aka uran mica),torbernite.jpg,Didier Descouens,https://commons.wikimedia.org/wiki/File:Torbernite_Aveyron_HD.jpg
127,Yew leaves,yew-leaves.jpg,Derek Ramsey,https://en.wikipedia.org/wiki/File:Japanese_Yew_Taxus_cuspidata_Leaf_Closeup_3008px.jpg
128,Ceylonite,ceylonite.jpg,Géry PARENT,"https://commons.wikimedia.org/wiki/File:Ceylonite,_calcite_7100.1.0461.jpg"
129,Orange tip butterfly,orange-tip-butterfly.jpg,hamon jp,https://commons.wikimedia.org/wiki/File:Antocharis_cardamines_001.jpeg
130,Nightshade leaves,nightshade-leaves.jpg,Forest & Kim Starr,https://commons.wikimedia.org/wiki/File:Starr_010520-0074_Solanum_americanum.jpg
131,Eider drake,eider-drake.jpg,David Merrett,https://www.flickr.com/photos/davehamster/3573085421
132,Saxifrage,saxifrage.jpg,Christoph Braun,"https://commons.wikimedia.org/wiki/File:Saxifraga_urumoffii,_Royal_Botanic_Garden_Edinburgh,_Scotland,_GB,_IMG_3765_edit.jpg"
133,Olivine (aka crysolite),olivine.jpg,Wilson44691,https://commons.wikimedia.org/wiki/File:Papakolea_Beach_sand_high_mag_052915.jpg
134,Brimstone butterfly,brimstone-butterfly.jpg,Charles J Sharp,https://commons.wikimedia.org/wiki/File:Common_brimstone_butterfly_(Gonepteryx_rhamni)_male.jpg
135,Variegated horseshoe geranium,variegated-horseshoe-geranium.jpg,,https://pxhere.com/en/photo/578893
136,Lignum vitae,lignum-vitae.jpg,TreeWorld Wholesale,https://www.flickr.com/photos/treeworld/23058397220
137,Epidote,epidote.jpg,Didier Descouens,https://commons.wikimedia.org/wiki/File:Epidote_Alaska.jpg
138,Freshwater snail,freshwater-snail.jpg,"Jess Van Dyke, Snail Busters, LLC, Bugwood.org",https://commons.wikimedia.org/wiki/File:Pomacea_insularum_2.jpg
139,Nonpareil apple,nonpareil-apple.jpg,Abrahami,https://commons.wikimedia.org/wiki/File:Golden_russet_apple.jpg
140,Beryl,olive-beryl.jpg,James St. John,https://www.flickr.com/photos/jsjgeology/32688925936
141,Siskin,siskin.jpg,Simon Eugster,https://commons.wikimedia.org/wiki/File:Zeisig.jpg
142,Colmar pear (drawing),colmar-pear.jpg,Ulysses Prentiss Hedrick,https://fr.wikipedia.org/wiki/Fichier:Hedrick_(1921)_-_Passe_Colmar.jpg
143,Manks codlin (aka irish pitcher) apple,irish-pitcher-apple.jpg,"National Fruit Collection, Brogdale","https://commons.wikimedia.org/wiki/File:Manks_Codlin_on_tree,_National_Fruit_Collection_(acc._2000-064).jpg"
144,Dragonfly,dragonfly.jpg,André Karwath,https://commons.wikimedia.org/wiki/File:Sympetrum_flaveolum_-_side_(aka).jpg
145,Snapdragon,snapdragon.jpg,Sharon Mollerus,https://www.flickr.com/photos/clairity/36759144556
146,Sulphur,sulphur.jpg,Ben Mills,https://commons.wikimedia.org/wiki/File:Sulfur-sample.jpg
147,Canary,canary.jpg,RoyBuri,https://pixabay.com/en/bird-canary-bird-eat-treehouse-3386319/
148,Yellow primrose,yellow-primrose.jpg,Pokrajac,https://commons.wikimedia.org/wiki/File:Prole%C4%87no_cve%C4%87e_3.JPG
149,Water beetle larva,water-beetle-larva.jpg,Donald Hines,https://www.flickr.com/photos/kilarin/8954363266
150,Semi opal,semi-opal.jpg,James St. John,https://www.flickr.com/photos/jsjgeology/29510341080
151,Hornet,hornet.jpg,PiccoloNamek,https://commons.wikimedia.org/wiki/File:Hornet-vespa.jpg
152,Lemon,lemon.jpg,Abhijit Tembhekar,https://commons.wikimedia.org/wiki/File:Yellow_lemons.jpg
153,Goldilocks,goldilocks.jpg,Magnus Manske,https://commons.wikimedia.org/wiki/File:Aster_linosyris_%22Goldilocks_Aster%22_(Asteraceae)_(flower).JPG
154,Yellow orpiment,yellow-orpiment.jpg,James St. John,https://www.flickr.com/photos/jsjgeology/18284150544
156,Yellow jasmine,yellow-jasmine.jpg,KENPEI,https://commons.wikimedia.org/wiki/File:Gelsemium_sempervirens3.jpg
157,Golden pheasant,golden-pheasant.jpg,H. Zell,https://commons.wikimedia.org/wiki/File:Chrysolophus_pictus_-_Maroparque_01.jpg
158,Yellow tulip,yellow-tulip.jpg,Anita Mazur,https://commons.wikimedia.org/wiki/File:Yellow_Tulips_in_the_sunshine.jpg
159,Cinquefoil,cinquefoil.jpg,Olivier Pichard,https://commons.wikimedia.org/wiki/File:Potentilla_reptans_beauvais-carriere-bracheux_60_20062008_1.jpg
160,Gallstones,gallstones.jpg,George Chernilevsky,https://commons.wikimedia.org/wiki/File:Human_gallstones_2015_G1.jpg
161,Marigold apples,marigold-apples.jpg,,https://www.maxpixel.net/Apple-Fruit-Fruits-Apfelernte-Kernobstgewaechs-2143995
162,Bird-of-paradise,bird-of-paradise.jpg,joelfotos,https://pixabay.com/en/bird-of-paradise-bird-on-the-branch-1200089/
163,Yellow fluorite (aka fluorspar),yellow-fluorite.jpg,Rob Lavinsky,https://commons.wikimedia.org/wiki/File:Fluorite-132158.jpg
164,Polar bear,polar-bear.jpg,Arturo de Frias Marques,https://commons.wikimedia.org/wiki/File:Polar_Bear_AdF.jpg
165,Straw,straw.jpg,Caerbannog,https://commons.wikimedia.org/wiki/File:Straw_field_1.jpg
166,Tourmaline (aka schorlite),tourmaline.jpg,Rob Lavinski,https://commons.wikimedia.org/wiki/File:Tourmaline-37470.jpg
167,Hemimorphite (aka calamine),hemimorphite.jpg,Rob Lavinski,https://commons.wikimedia.org/wiki/File:Hemimorphite-158400.jpg
168,Silk moth,silk-moth.jpg,CSIRO,https://commons.wikimedia.org/wiki/File:CSIRO_ScienceImage_10746_An_adult_silkworm_moth.jpg
169,White currants,white-currant.jpg,Mako,https://commons.wikimedia.org/wiki/File:White_currant.jpg
170,Yellow topaz,yellow-topaz.jpg,James St. John,https://www.flickr.com/photos/jsjgeology/32298163220
171,Bird-of-paradise feathers,bird-of-paradise-feathers.jpg,Daderot,"https://commons.wikimedia.org/wiki/File:Bird_of_paradise,_detail_-_National_Geographic_Museum_-_DSC05065.JPG"
172,Honeysuckle,honeysuckle.jpg,Aftabbanoori,https://commons.wikimedia.org/wiki/File:Honeysuckle-2.jpg
173,Redstart,redstart.jpg,Dan Pancamo,https://commons.wikimedia.org/wiki/File:American_Redstart_of_Quintana_Texas1.jpg
174,Yellow jasper,yellow-jasper.jpg,Nzfauna,https://commons.wikimedia.org/wiki/File:Cut_and_oiled_yellow_jasper_1.JPG
175,Marigold,marigold.jpg,Ezhuttukari,https://commons.wikimedia.org/wiki/File:Tagetes_erecta_chendumalli_chedi.jpg
176,Spindle tree seed pods,spindle-tree-seed-pods.jpg,,https://pxhere.com/en/photo/1142754
177,Orpiment streak,orpiment-streak.jpg,Ra'ike,https://commons.wikimedia.org/wiki/File:Orpiment_-_streak_color.jpg
178,Kingfisher,kingfisher.jpg,Joefrei,https://commons.wikimedia.org/wiki/File:Ein_Eisvogel_im_Schwebflug.jpg
179,White cistus,white-cistus.jpg,Stickpen,https://commons.wikimedia.org/wiki/File:Cistus-hybridus.jpg
180,Orange natrolite,orange-natrolite.jpg,Derhammer,https://commons.wikimedia.org/wiki/File:Type_Natrolite.jpg
181,Warty newt,warty-newt.jpg,Connor Long,"https://en.wikipedia.org/wiki/File:Taricha_torosa,_Napa_County,_CA.jpg"
182,Indian cress,indian-cress.jpg,George Chernilevsky,https://commons.wikimedia.org/wiki/File:Tropaeolum_majus_2005_G1.jpg
183,Flesh fly,flesh-fly.jpg,Muhammad Mahdi Karim,https://commons.wikimedia.org/wiki/File:Sarcophaga_Bercaea2.jpg
184,Orange lily,orange-lily.jpg,Uoaei1,https://commons.wikimedia.org/wiki/File:Lilium_bulbiferum_var._bulbiferum_01.JPG
185,Orange topaz,orange-topaz.jpg,Thomas Quine,https://commons.wikimedia.org/wiki/File:1832_Imperial_Topaz_(38900014914).jpg
186,Hibiscus,orange-hibiscus.jpg,Livioandronico2013,https://commons.wikimedia.org/wiki/File:Orange_hibiscus.jpg
187,Hemimeris,hemimeris.jpg,virginie-l,https://pixabay.com/en/nature-flower-salmon-diascia-679346/
188,Goldfish,goldfish.jpg,ぱたごん,https://commons.wikimedia.org/wiki/File:%E3%83%AF%E3%82%AD%E3%83%B320120701.JPG
189,Reddish orange apple (scarlet leadington photo not available),reddish-orange-apple.jpg,Couleur,https://pixnio.com/flora-plants/fruits/apple-pictures/red-apple-food-diet-delicious-colorful-nutrition-fruit
190,Bullfinch,bullfinch.jpg,spacebirdy,https://commons.wikimedia.org/wiki/File:Pyrrhula_pyrrhula_-_Steiermark.jpg
191,Pimpernel,pimpernel.jpg,Alvesgaspar,https://commons.wikimedia.org/wiki/File:Flowers_March_2008-19.jpg
192,Red jasper,red-jasper.jpg,James St. John,https://www.flickr.com/photos/jsjgeology/19980377486
193,Fruit fly (lygœns apterus),fruit-fly.jpg,Sanjay Acharya,https://commons.wikimedia.org/wiki/File:Drosophila_melanogaster_Proboscis.jpg
194,Goldrenette apple,goldrenette-apple.jpg,Frank C. Müller,https://commons.wikimedia.org/wiki/File:Apfel_mit_Schnitt_Goldrenette_(fcm).jpg
195,Zircon (aka hyacinth),zircon.jpg,Rob Lavinsky,https://commons.wikimedia.org/wiki/File:Zircon-216653.jpg
196,Scarlet ibis,scarlet-ibis.jpg,J. Patrick Fischer,https://commons.wikimedia.org/wiki/File:2016_Roter_Ibis.JPG
197,Red grouse,red-grouse.jpg,MPF,"https://commons.wikimedia.org/wiki/File:2014-04-21_Lagopus_lagopus_scotica,_Hawsen_Burn_1.jpg"
198,Oriental poppy,oriental-poppy.jpg,RoyBoy,https://commons.wikimedia.org/wiki/File:Oriental_poppy.jpg
199,Cinnabar (aka cinnaber),cinnabar.jpg,JJ Harrison,https://commons.wikimedia.org/wiki/File:Cinnabar_on_Dolomite.jpg
200,Red coral,red-coral.jpg,Arturo Donate,https://www.flickr.com/photos/arturodonate/5258297472
201,Wax apple (aka love apple),wax-apple.jpg,M0rphzone,https://commons.wikimedia.org/wiki/File:Wax_apple.png
202,Pied woodpecker,pied-woodpecker.jpg,soumyajit nandy,"https://commons.wikimedia.org/wiki/File:Dendrocopos_auriceps_-Devidhura,_Uttarakhand,_India_-male-8.jpg"
203,Apple,naked-apple.jpg,Paolo Neo,https://commons.wikimedia.org/wiki/File:Big_red_apple.jpg
204,Red orpiment,red-orpiment.jpg,Parent Gééry,"https://commons.wikimedia.org/wiki/File:R%C3%A9algar,_t%C3%A9trah%C3%A9drite,_orpiment,_quartz.JPG"
205,European goldfinch,european-goldfinch.jpg,Francis C. Franklin,https://commons.wikimedia.org/wiki/File:Carduelis_carduelis_close_up.jpg
206,Corn poppy,corn-poppy.jpg,Zeynel Cebeci,https://commons.wikimedia.org/wiki/File:Papaver_sp_-_Corn_poppy_04.jpg
207,Light skin,light-skin.jpg,Helena Paffen,https://commons.wikimedia.org/wiki/File:Light_skin_and_hair.jpg
208,Larkspur,larkspur.jpg,Heron,https://en.wikipedia.org/wiki/File:Consolida-ambigua.jpg
209,Baryte (aka heavy spar),baryte.jpg,Dlloyd,https://commons.wikimedia.org/wiki/File:Baryte_Morocco.jpg
210,Pink limestone,pink-limestone.jpg,James St. John,https://www.flickr.com/photos/jsjgeology/16391983095
211,Rose,rose.jpg,Vera Kratochvil,https://www.publicdomainpictures.net/en/view-image.php?image=23192&picture=pink-rose
212,Pyrophyllite (a variety of agalmatolite aka figure stone),pyrophyllite.jpg,Toma1974,https://az.wikipedia.org/wiki/%C5%9E%C9%99kil:Pyrophyllite.jpg
213,Peach blossom,peach-blossom.jpg,Dennis Brown,https://commons.wikimedia.org/wiki/File:Peach_blossom_2013.jpg
214,Erythrite (aka red copper ore),erythrite.jpg,Géry Parent,https://www.flickr.com/photos/42200412@N03/10599798434/
215,Raspberries,raspberries.jpg,Fir0002,https://commons.wikimedia.org/wiki/File:Raspberries05.jpg
216,Cockscomb,cockscomb.jpg,Lander,https://commons.wikimedia.org/wiki/File:Zijaanzichtkophaan.JPG
217,Carnation,carnation.jpg,Gordon Bell,https://www.flickr.com/photos/nepean_nomad/8483573012
218,Ruby,ruby.jpg,Rob Lavinsky,https://commons.wikimedia.org/wiki/File:Corundum-winza-17d.jpg
219,Tulip,tulip.jpg,ArielGold,https://commons.wikimedia.org/wiki/File:Red_tulip_detail.jpg
220,Rose officinalus (aka French or apothecary's rose),rose-officinalus.jpg,Col Ford and Natasha de Vere,https://www.flickr.com/photos/col_and_tasha/5797048877
221,Spinel gems,spinel.jpg,Rob Lavinsky,https://commons.wikimedia.org/wiki/File:Spinel-tuc1010a.jpg
222,Garnet,garnet.jpg,James St. John,https://www.flickr.com/photos/jsjgeology/27288833043
223,Turaco (aka terico),turaco.jpg,DickDaniels,https://commons.wikimedia.org/wiki/File:Red-crested_Turaco_RWD.jpg
224,Sweet William catchfly (aka none-so-pretty),sweet-williamn-catchfly.jpg,T.Voekler,https://commons.wikimedia.org/wiki/File:Sil%C3%A9ne_arm%C3%A9ria.JPG
225,Venous blood,venous-blood.jpg,Tannim101,https://commons.wikimedia.org/wiki/File:Vacutainer_blood_bottles.jpg
226,Musk thistle,musk-thistle.jpg,DM,https://www.flickr.com/photos/dmott9/5756781478/
227,Pincusion flower (scabiosa),pincushion-flower.jpg,Mickey JT,https://www.flickr.com/photos/hokyumgrl/6274377151
228,Pyrope,pyrope.jpg,Rob Lavinsky,https://commons.wikimedia.org/wiki/File:Pyrope-260132.jpg
229,Nightshade flower,nightshade-flower.jpg,GFDLA,https://en.wikipedia.org/wiki/File:Scopolia_carniolica2.jpg
230,Antimony,antimony.jpg,Rob Lavinsky,https://commons.wikimedia.org/wiki/File:Antimony-Beryl-redberylharrismineutah2.jpg
231,Marigold,dark-marigold.jpg,,https://pxhere.com/en/photo/521492
232,Red-throated loon (aka diver),red-throated-loon.jpg,Ómar Runólfsson,https://commons.wikimedia.org/wiki/File:Gavia_stellata_-Iceland_-swimming-8.jpg
233,Chert (aka iron flint),chert.jpg,James. St. John,https://www.flickr.com/photos/jsjgeology/31639380306
234,Aulstralian shelduck (aka sheldrake),shelduck.jpg,JJ Harrison,https://commons.wikimedia.org/wiki/File:Tadorna_tadornoides_male_1_-_Perth.jpg
235,Cattails,cattails.jpg,Arto J,https://commons.wikimedia.org/wiki/File:Cattails_-_Typha_latifolia_-_panoramio.jpg
236,Panicum (aka panic grass),panicgrass.jpg,Marco Schmidt,https://commons.wikimedia.org/wiki/File:Panicum_phragmitoides_MS_1830.JPG
237,Brown blende,brown-hornblende.jpg,Dave Dyet,https://commons.wikimedia.org/wiki/File:Amphibole_-_Hornblende_in_rock_Iron_aluminum_silicate_Lucas_County_Iowa_2072.jpg
238,Marsh harrier,marsh-harrier.jpg,Sumeet Moghe,https://commons.wikimedia.org/wiki/File:Marsh_Harrier_Male.jpg
239,Rudbeckia (aka rubeckia),rudbeckia.jpg,Dcoetzee,https://commons.wikimedia.org/wiki/File:Rudbeckia_hirta_flower_closeup.jpg
240,Chestnuts,chestnuts.jpg,Fructibus,https://commons.wikimedia.org/wiki/File:Chestnuts_September_2017_-_A.jpg
241,Brown jasper,brown-jasper.jpg,Tommy,https://commons.wikimedia.org/wiki/File:Jasper_outcrop_in_the_Bucegi_Mountains.jpg
242,Guinea pig,guinea-pig.jpg,Jay Reed,https://commons.wikimedia.org/wiki/File:Small_Guinea_Pig.jpg
243,Hoopoe,hoopoe.jpg,Jaiprakashsingh,https://commons.wikimedia.org/wiki/File:Young_and_mature_hoopoe.jpg
244,Weasel,weasel.jpg,Cecil Sanders,https://commons.wikimedia.org/wiki/File:Alaska_Weasel.jpg
245,Snipe,snipe.jpg,JJ Harrison,https://commons.wikimedia.org/wiki/File:Gallinago_stenura_-_Laem_Pak_Bia.jpg
246,Hazelnuts,hazelnuts.jpg,Fir0002,https://commons.wikimedia.org/wiki/File:Hazelnuts.jpg
247,Mountain wood,mountain-wood.jpg,Rob Lavinsky,https://commons.wikimedia.org/wiki/File:Mountain-Wood-225046.jpg
248,Hen pheasant,hen-pheasant.jpg,Andy Vernon,https://commons.wikimedia.org/wiki/File:Phasianus_colchicus_-Rutland_Water_-female-8.jpg
249,Gosbeak,gosbeak.jpg,Velo Steve,https://commons.wikimedia.org/wiki/File:Black-headed_Grosbeak.jpg
250,Pintail duck,pintail-duck.jpg,Petar Milošević,https://commons.wikimedia.org/wiki/File:Ljubljana_-_Anas_acuta_male.jpg
251,Wood tin,wood-tin.jpg,Rob Lavinsky,https://commons.wikimedia.org/wiki/File:Cassiterite-43265.jpg
252,Kestrel (aka kestril),kestrel.jpg,Andreas Trepte,https://commons.wikimedia.org/wiki/File:Common_kestrel_falco_tinnunculus.jpg
253,Black currants,black-currants.jpg,Paolo Neo,https://commons.wikimedia.org/wiki/File:Black_currant.jpg
254,Axinite,axinite.jpg,Parent Gééry,https://commons.wikimedia.org/wiki/File:Axinite_2(France).jpg
255,Storm petrel,storm-petrel.jpg,Júlio Reis,https://commons.wikimedia.org/wiki/File:Hydrobates_pelagicus.jpg
256,Ferret (aka foulmart),ferret.jpg,USFWS Mountain Prairie,https://commons.wikimedia.org/wiki/File:Mustela_nigripes_2.jpg
257,Mineral pitch,mineral-pitch.jpg,Dave Dyet,https://commons.wikimedia.org/wiki/File:Asphaltum_Mineral_Pitch_-_Natural_Asphalt_Seefold_North_Tyrol_Austria_2238.jpg
258,Black-headed gull,black-headed-gull.jpg,Hobbyfotowiki,https://commons.wikimedia.org/wiki/File:Black-headed_Gull_(Chroicocephalus_ridibundus).jpg
259,European robin,european-robin.jpg,Partonez,https://commons.wikimedia.org/wiki/File:Robin_at_Stover.jpg
260,Eurasian blue tit,eurasian-blue-tit.jpg,Luc Viatour,https://commons.wikimedia.org/wiki/File:Cyanistes_caeruleus_3_Luc_Viatour.jpg
261,Eurasian teal,eurasian-teal-2.jpg,Koshy Koshy,https://commons.wikimedia.org/wiki/File:Common_Teal_Male_(8602525826).jpg